app_tagline	рд╕рд░рд▓. рд╕рдЯреАрдХ. рд╕реБрд░рдХреНрд╖рд┐рдд.	Simple. Solid. Secure.
txn_invalid_amount	рдЕрдорд╛рдиреНрдп рд░рд╛рд╢рд┐	Invalid Amount
txn_incorrect_password	рдЧрд▓рдд рдкрд╛рд╕рд╡рд░реНрдб	Galat Password
txn_give_credit_to	рдЙрдзрд╛рд░ рджреЗрдВ	Udhaar diya
view	рджреЗрдЦреЗрдВ	Dekhe
txn_amount	рд░рд╛рд╢рд┐	Amount
txn_return_successful	рд╡рд╛рдкрд╕реА рд╕рдлрд▓	Waapsi Safal
txn_final_balance	рдЕрдВрддрд┐рдо рдмреИрд▓реЗрдВрд╕	Final balance
sms_sent_to_customer	SMS рднреЗрдЬ рджрд┐рдпрд╛ рдЧрдпрд╛	SMS bhej diya gaya
txn_goto_home	рд╣реЛрдордкреЗрдЬ	Home
txn_add_more	рдФрд░ рдЬреЛрдбрд╝реЗрдВ	Aur jodiye
txn_failure_msg	рд▓реЗрдирджреЗрди рд░рд┐рдХреЙрд░реНрдб рдХрд░рдиреЗ рдореЗрдВ рддрдХрдиреАрдХреА рдмрд╛рдзрд╛	Aapke request ko takniki badha ke karan abhi pura nahi kiya jaa saka
txn_timestamp_label	рддрд╛рд░реАрдЦ	date
txn_camera_permission_msg	рдмрд┐рд▓ рдЬреЛрдбрд╝рдиреЗ рдХреЗ рд▓рд┐рдП рдХреИрдорд░рд╛ рдкрд░рдорд┐рд╢рди рджреЗрдВ	Bill ki photo jodne ke liye camera permission de
txn_add_credit_title	рдЙрдзрд╛рд░ рджрд┐рдпрд╛	Udhaar diya
txn_add_payment_title	рдкреЗрдореЗрдВрдЯ рд▓рд┐рдпрд╛	Payment liya
txn_confirm_title	рдХрдиреНрдлрд░реНрдо	Confirm
txn_accept_payment_from	рд╕реЗ рдкреЗрдореЗрдВрдЯ рд▓рд┐рдпрд╛	se payment liya
txn_credit_success_title	рдЙрдзрд╛рд░ рд╕рдлрд▓	Udhaar successful
txn_payment_success_title	рдкреЗрдореЗрдВрдЯ рд╕рдлрд▓	Payment successful
txn_failure_title	рд▓реЗрди рджреЗрди рд╡рд┐рдлрд▓	Len-Den vifal
txn_credit_given_to	рдЙрдзрд╛рд░ рджрд┐рдпрд╛	ka udhaar diya
txn_credit_title	рдЙрдзрд╛рд░ рджрд┐рдпрд╛	Udhaar diya
txn_payment_accepted_from	рдкреЗрдореЗрдВрдЯ рд▓рд┐рдпрд╛	ka payment liya
txn_payment_title	рдкреЗрдореЗрдВрдЯ рд▓рд┐рдпрд╛	Payment liya
txn_returned_amount_to	рд╡рд╛рдкрд╕реА рдХрд┐рдпрд╛	ko amount waapis kiya
txn_return_title	рд╡рд╛рдкрд╕реА	Waapsi
txn_receipt_available	рдмрд┐рд▓ рдореМрдЬреВрдж	Bill joda gaya
ok	OK	OK
balance	рдЙрдзрд╛рд░	Udhaar
advance	рдЬрдорд╛	Advance
cancel	рд░рджреНрдж рдХрд░реЗрдВ	Cancel
password	рдкрд╛рд╕рд╡рд░реНрдб	Password
help	рд╕рд╡рд╛рд▓-рдЬрд╡рд╛рдм	Sawaal-Jawaab
tx_credit	рдЙрдзрд╛рд░	Udhaar
tx_payment	рдкреЗрдореЗрдВрдЯ	Payment
tx_return	рд░рд┐рдЯрд░реНрди	Waapis
done	OK	Ho Gaya
try_again	рджреЛрдмрд╛рд░рд╛ рдкреНрд░рдпрд╛рд╕ рдХрд░реЗрдВ	Dobara Koshish Karein
mobile	рдореЛрдмрд╛рдЗрд▓	Mobile
no_receipt	рдмрд┐рд▓ рдирд╣реАрдВ	Bina Bill
bill	рдмрд┐рд▓	Bill
customers	рдЧреНрд░рд╛рд╣рдХ	Customers
no_tx	рдХреЛрдЗ рд▓реЗрди-рджреЗрди рдирд╣реАрдВ	Aapne koi len-den nahi kiya
err_default	рддрдХрдиреАрдХреА рдмрд╛рдзрд╛. рджреЛрдмрд╛рд░рд╛ рдкреНрд░рдпрд╛рд╕ рдХрд░реЗрдВ.	Koi takiniki pareshani. Dobara prayas karein
err_invalid_mobile	10 рдЕрдВрдХреЛрдВ рдХрд╛ рд╕рд╣реА рдореЛрдмрд╛рдЗрд▓ рдирдВрдмрд░ рдбрд╛рд▓реЗрдВ	10 digit mobile number likhein
err_network_title	рдЗрдВрдЯрд░рдиреЗрдЯ рдмрд╛рдзрд╛	Internet nahi hai
err_network	рддрдХрдиреАрдХреА рдмрд╛рдзрд╛. рдЗрдВрдЯрд░рдиреЗрдЯ рдЙрдкрд▓рдмреНрдз рдирд╣реАрдВ рд╣реИ.	Internet connection shayad kamjor hai
language_title	рднрд╛рд╖рд╛ рдЪреБрдирд┐рдП	Bhasha Chuniye
welcome_title	OkCredit\nрдореЗрдВ рдЖрдкрдХрд╛ рд╕реНрд╡рд╛рдЧрдд рд╣реИ	Welcome to\nOkCredit
welcome_get_started	рд╢реБрд░реБрдЖрдд рдХрд░реЗрдВ	Start karein
mobile_title	рдореЛрдмрд╛рдЗрд▓ рдирдВрдмрд░ рдбрд╛рд▓реЗрдВ	Mobile number jodein
login_enter_password	рдкрд╛рд╕рд╡рд░реНрдб рдбрд╛рд▓реЗрдВ	Password daalein
login_err	рддрдХрдиреАрдХреА рдмрд╛рдзрд╛. рджреЛрдмрд╛рд░рд╛ рд╕рд╛рдЗрди рдЗрди рдХрд░реЗрдВ.	Sign in nahi ho saka. Dobara prayas karein
register_verify_mobile_title	рдореЛрдмрд╛рдЗрд▓ рд╡реЗрд░рд┐рдлрд┐рдХреЗрд╢рди	Verify mobile
register_verify_mobile_msg	рд╣рдо SMS рджреНрд╡рд╛рд░рд╛ OTP рднреЗрдЬ рдХрд░, рдЖрдкрдХреЗ рдореЛрдмрд╛рдЗрд▓ рдирдВрдмрд░ рдХреЛ рд╡реЗрд░реАрдлрд╛рдИ рдХрд░реЗрдВрдЧреЗ	Hum mobile verification ke liye SMS se OTP bhejenge
register_send_otp	OTP рднреЗрдЬреЗрдВ	OTP Bhejein
register_user_agreement	OkCredit рдХрд╛ рдЗрд╕реНрддреЗрдорд╛рд▓ рдЬрд╛рд░реА рд░рдЦ рдХрд░ рдЖрдк рд╣рдорд╛рд░реЗ	Aage jaate huye, aap OkCredit ke
register_name_title_shop	рдЖрдкрдХреЗ рджреБрдХрд╛рди рдХрд╛ рдХреНрдпрд╛ рдирд╛рдо рд╣реИ?	Aapke dukaan ka kya naam hai?
register_name_msg	рдЖрдкрдХреЗ рдЧреНрд░рд╛рд╣рдХ рдХреЛ, рдЗрд╕реА рдирд╛рдо рд╕реЗ рдЙрдзрд╛рд░ / рдкреЗрдореЗрдВрдЯ рдХрд╛ SMS рдЕрдкрдбреЗрдЯ рдЬрд╛рдПрдЧрд╛. рдпрд╣ SMS, OkCredit рдХреА рдТрд░ рд╕реЗ рдореБрдлреНрдд рднреЗрдЬрд╛ рдЬрд╛рддрд╛ рд╣реИ.	Aapke customer ko aapke is naam se SMS bheja jayega. Ye sms OkCredit ki taraf se muft bheja jata hai
register_shop_name	рджреБрдХрд╛рди рдХрд╛ рдирд╛рдо	Dukaan ka naam
register_err_name	рдХрдо рд╕реЗ рдХрдо 3 рдЕрдХреНрд╖рд░реЛрдВ рдХрд╛ рд╣реЛрдирд╛ рдЪрд╛рд╣рд┐рдПред рд╕рд┐рд░реНрдл рдЕрдВрдХреЛрдВ рд╡рд╛рд▓реЗ рдирд╛рдо, рдирд╣реАрдВ рдЪрд▓реЗрдВрдЧреЗред	Kam se kam 3 akshar ka hona chahiye. Sirf anko wale naam nahi chalenge.
register_password_title	рдкрд╛рд╕рд╡рд░реНрдб рд╕реЗ рдЦрд╛рддрд╛ рд╕реБрд░рдХреНрд╖рд╛	Password se account secure karein
register_password_msg	6 рдЕрдВрдХреЛрдВ рдХреЗ рдкрд╛рд╕рд╡рд░реНрдб рд╕реЗ рдЕрдкрдиреЗ OkCredit рдЦрд╛рддреЗ рдХреА рд╕реБрд░рдХреНрд╖рд╛ рд╕реБрдирд┐рд╢реНрдЪрд┐рдд рдХрд░реЗрдВ	Kam se kam 6 anko ka password chunein
register_err_incorrect_otp	рдЧрд▓рдд OTP	Galat OTP
register_fallback_otp_not_received_msg	OTP рдирд╣реАрдВ рдЖрдпрд╛?	OTP nahi aaya?
register_fallback_whatsapp	WhatsApp рд╡реЗрд░рд┐рдлрд┐рдХреЗрд╢рди рдХрд░реЗрдВ	WhatsApp se Register karein
register_fallback_whatsapp_msg	рдирдорд╕реНрддреЗ! рдореИ OkCredit рдореЗрдВ рдЕрдкрдирд╛ рдирдпрд╛ рдЦрд╛рддрд╛ рдмрдирд╛рдирд╛ рдЪрд╛рд╣рддрд╛ рд╣реВрдБред	Namaste! Mai OkCredit me naya khata banana chahta hu
search_customers	рдЦреЛрдЬреЗрдВ	Khojiye
customer_not_found		
err_load_customers	рддрдХрдиреАрдХреА рдмрд╛рдзрд╛ред рдЧреНрд░рд╛рд╣рдХ рд▓рд┐рд╕реНрдЯ рдирд╣реАрдВ рдорд┐рд▓рд╛	Customer load karne me takneeki baadha
add_customer	рдЧреНрд░рд╛рд╣рдХ рдЬреЛрдбрд╝реЗрдВ	Customer jodein
add_customer_short	рдЬреЛрдбрд╝реЗрдВ	Add
paid_today	рдкрд┐рдЫрд▓рд╛ рдкреЗрдореЗрдВрдЯ: рдЖрдЬ	Pichhla Payment: Aaj
paid_yesterday	рдкрд┐рдЫрд▓рд╛ рдкреЗрдореЗрдВрдЯ: рдХрд▓	Pichhla Payment: Kal
paid_on_date	рдкрд┐рдЫрд▓рд╛ рдкреЗрдореЗрдВрдЯ: %1$s	Pichhla Payment: %1$s
overdue_warning	рдкреЗрдореЗрдВрдЯ рдбреНрдпреВ: 1 рдорд╣реАрдирд╛+	Payment due: 1 mahina+
not_paid	рдХреЛрдИ рдкреЗрдореЗрдВрдЯ рдирд╣реАрдВ	No payments
logout	рд╕рд╛рдЗрди рдЖрдЙрдЯ	Sign Out
refresh	рд░рд┐рдлреНрд░реЗрд╢	Refresh
about	рд╣рдорд╛рд░реЗ рдмрд╛рд░реЗ рдореЗрдВ	Hamare baare me
save_customer_mobile	рдореЛрдмрд╛рдЗрд▓ (рдСрдкреНрд╢рдирд▓)	Mobile (Optional)
err_invalid_desc	рдирд╛рдо рдХрдо рд╕реЗ рдХрдо рддреАрди рдЕрдХреНрд╖рд░реЛрдВ рдХрд╛ рд░рдЦреЗрдВ	Kam se kam 3 akshhar ka hone chahiye
err_mobile_conflict	рдЗрд╕ рдирдВрдмрд░ рд╕реЗ %1$s рдирд╛рдо рдХрд╛ рдЧреНрд░рд╛рд╣рдХ рдореМрдЬреВрдж рд╣реИ	%1$s ke naam se pehle se maujood
err_mobile_conflict_default	рдЗрд╕ рдирдВрдмрд░ рдХрд╛ рдЧреНрд░рд╛рд╣рдХ рдкрд╣рд▓реЗ рд╕реЗ рдореМрдЬреВрдж рд╣реИ	Ye number pehle se doosre customer ke naam se juda hua hai
select_from_phonebook	рдлреЛрдирдмреБрдХ рд╕реЗ рдЪреБрдиреЗрдВ	Phonebook se chunein
title_customer	рдЧреНрд░рд╛рд╣рдХ	Customer
txn_add_payment_btn	рдкреЗрдореЗрдВрдЯ рд▓рд┐рдпрд╛	Payment \n liya
txn_add_credit_btn	рдЙрдзрд╛рд░ рджрд┐рдпрд╛	Udhaar \n diya
err_load_tx	рддрдХрдиреАрдХреА рдмрд╛рдзрд╛ред рд▓реЗрдирджреЗрди рд▓рд┐рд╕реНрдЯ рдирд╣реАрдВ рдорд┐рд▓рд╛	Len-Den load hone me takneeki baadha
show_settled	рдкреБрд░рд╛рдирд╛ рджреЗрдЦреЗрдВ	Purana dikhaye
hide_settled	рдкреБрд░рд╛рдирд╛ рдЫреБрдкрд╛рдПрдБ	Purana chhupaye
edit	рдЬрд╛рдирдХрд╛рд░реА рдмрджрд▓реЗрдВ	Badlein
delete	рдбрд┐рд▓реАрдЯ	Delete
due_before_payment	рдЙрдзрд╛рд░ (рдкреЗрдореЗрдВрдЯ рд╕реЗ рдкрд╣рд▓реЗ)	Udhaar (Payment ke pehle)
advance_before_payment	рдЬрдорд╛ (рдкреЗрдореЗрдВрдЯ рд╕реЗ рдкрд╣рд▓реЗ)	Advance (Payment ke pehle)
due_after_payment	рдЙрдзрд╛рд░ (рдкреЗрдореЗрдВрдЯ рдХреЗ рдмрд╛рдж)	Udhaar (Payment ke baad)
advance_after_payment	рдЬрдорд╛ (рдкреЗрдореЗрдВрдЯ рдХреЗ рдмрд╛рдж)	Advance (Payment ke baad)
payment_amount	рдкреЗрдореЗрдВрдЯ рд░рд╛рд╢рд┐	Payment amount
account	рдЦрд╛рддрд╛	Account
account_settings_title	рд╕реЗрдЯрд┐рдВрдЧреНрд╕	Settings
account_statement	рд╕рд╛рд░реЗ рд▓реЗрди-рджреЗрди	Account Statement
download_backup	рдбрд╛рдЙрдирд▓реЛрдб рдмреИрдХ-рдЕрдк	Download Backup
net_amount	рдиреЗрдЯ рд░рд╛рд╢рд┐	Net Amount
tx_count	рд▓реЗрди-рджреЗрди	Count
logout_from_all_devices	рд╣рд░ рдлреЛрди рд╕реЗ рд╕рд╛рдЗрди рдЖрдЙрдЯ рдХрд░реЗрдВ	Apne saare phones se sign out karein
all	рд╕рд╛рд░реЗ	Saare
today	рдЖрдЬ	Aaj
yesterday	рдХрд▓	Kal
this_week	рдпрд╣ рд╕рдкреНрддрд╛рд╣	Is hafte
last_week	рдкрд┐рдЫрд▓рд╛ рд╕рдкреНрддрд╛рд╣	Pichhle hafte
this_month	рдпрд╣ рдорд╣реАрдирд╛	Is mahine
last_month	рдкрд┐рдЫрд▓рд╛ рдорд╣реАрдирд╛	Pichhle mahine
account_report_loading	рд░рд┐рдкреЛрд░реНрдЯ рддреИрдпрд╛рд░ рдХрд┐рдпрд╛ рдЬрд╛ рд░рд╣рд╛тАж	Report banaya jaa raha haiтАж
account_reminder	рд░рд┐рдорд╛рдЗрдВрдбрд░	Reminder
account_language	рднрд╛рд╖рд╛	Bhaasha
account_profile	рдкреНрд░реЛрдлрд╛рдЗрд▓	Profile
account_incorrect_password	рдЧрд▓рдд рдкрд╛рд╕рд╡рд░реНрдб, рджреЛрдмрд╛рд░рд╛ рдкреНрд░рдпрд╛рд╕ рдХрд░реЗрдВ	Galat password. Dobara prayas karein
account_report_download_started	рдбрд╛рдЙрдирд▓реЛрдб рд╣реЛ рд░рд╣рд╛ рд╣реИ, рдкреНрд░реЛрдЧреНрд░реЗрд╕ рдХреЗ рд▓рд┐рдП рдиреЛрдЯрд┐рдлрд┐рдХреЗрд╢рди рдЪреЗрдХ рдХрд░реЗрдВ	Download Start ho gaya. Progress ke liye notification check karein
update_password_failed	рдкрд╛рд╕рд╡рд░реНрдб рдЕрдкрдбреЗрдЯ рдлреЗрд▓, рджреЛрдмрд╛рд░рд╛ рдкреНрд░рдпрд╛рд╕ рдХрд░реЗрдВ	Password badalne me takneeki baadha. Dobara prayas karein
logout_failed	рд╕рд╛рдЗрди рдЖрдЙрдЯ рдлреЗрд▓, рджреЛрдмрд╛рд░рд╛ рдкреНрд░рдпрд╛рд╕ рдХрд░реЗрдВ	Sign out nahi ho saka. Dobara Prayas karein
report_generation_failed	рд░рд┐рдкреЛрд░реНрдЯ рдмрдирд╛рдиреЗ рдореЗрдВ рддрдХреАрдиреАрдХреА рдмрд╛рдзрд╛ред рджреЛрдмрд╛рд░рд╛ рдкреНрд░рдпрд╛рд╕ рдХрд░реЗрдВред	Report banane me takneeki baadha aayi. Dobara prayas karein
update_password	рдкрд╛рд╕рд╡рд░реНрдб рдмрджрд▓реЗрдВ	Password badlein
old_password	рдкреБрд░рд╛рдирд╛ рдкрд╛рд╕рд╡рд░реНрдб	Purana Password
new_password	рдирдпрд╛ рдкрд╛рд╕рд╡рд░реНрдб	Naya Password
err_invalid_password	рдЕрдорд╛рдиреНрдп рдкрд╛рд╕рд╡рд░реНрдб (рдХрдо рд╕реЗ рдХрдо 6 рдЕрдВрдХреЛрдВ рдХрд╛ рдкрд╛рд╕рд╡рд░реНрдб рд░рдЦреЗрдВ)	Galat Password (kam se kam 6 anko ka hona chahiye)
confirm_logout	рд╕рд╛рдЗрди рдЖрдЙрдЯ рдХрд░реЗрдВ?	Sign out confirm karein?
update_required	рдРрдк рдЕрдкрдбреЗрдЯ рдЬрд░реВрд░реА рд╣реИ	Update jaruri hai
goto_play_store	рдкреНрд▓реЗ рд╕реНрдЯреЛрд░ рдЬрд╛рдПрдБ	Play Store jaayein
update_msg	рдЖрдкрдХреЗ OkCredit рдЕрдиреБрднрд╡ рдХреЛ рдмреЗрд╣рддрд░ рдмрдирд╛рдиреЗ рдХреЗ рд▓рд┐рдП рд╣рдо рд▓рдЧрд╛рддрд╛рд░ рдкреНрд░рдпрд╛рд╕рд░рдд рд╣реИрдВ	Hum aapke OkCredit se jude anubhav ko hamesha behtar banane ke liye prayasrat hain
help_screen_action_title	рдЬрд╛рдирдХрд╛рд░реА	Parichay
help_whatsapp	рд╣рдореЗрдВ WhatsApp рдХрд░реЗрдВ	WhatsApp karein
help_menu_item	рдлреЛрди рдХрд░реЗрдВ	Call karein
help_whatsapp_msg	рдореИрдВ OkCredit рдХреЗ рдмрд╛рд░реЗ рдореЗрдВ рдХреБрдЫ рдкреВрдЫрдирд╛ рдЪрд╛рд╣рддрд╛ рд╣реВрдБ	Namaste! Mai OkCredit ke baare kuchh puchhna chahta hu
language_english	English	English
language_hindi	рд╣рд┐рдВрджреА	рд╣рд┐рдВрджреА
language_punjabi	рикрй░риЬри╛римрйА	рикрй░риЬри╛римрйА
reminder_on	рдСрди	On
reminder_off	рдСрдл	Off
send_reminders	рд░рд┐рдорд╛рдЗрдВрдбрд░ рднреЗрдЬреЗрдВ	Reminder bhejein
reminder_explaination	рдЕрдЧрд░ рдЖрдк рд░рд┐рдорд╛рдЗрдВрдбрд░ рдСрди рдХрд░рддреЗ рд╣реИрдВ, рддреЛ рд╣рд░ рдорд╣реАрдиреЗ рдХреА 5 рддрд╛рд░реАрдЦ рдХреЛ рдЖрдкрдХреЗ рд╕рд╛рд░реЗ рдмреИрд▓реЗрдВрд╕ рд╡рд╛рд▓реЗ рдЧреНрд░рд╛рд╣рдХреЛрдВ рдХреЛ рдПрдХ SMS рднреЗрдЬ рджрд┐рдпрд╛ рдЬрд╛рдпреЗрдЧрд╛ред 5 рддрд╛рд░реАрдЦ рд╕реЗ рдкрд╣рд▓реЗ рд╕рд╛рд░реЗ рдЧреНрд░рд╛рд╣рдХреЛрдВ рдХрд╛ рд╣рд┐рд╕рд╛рдм OkCredit рдореЗрдВ рдЬрд░реВрд░ рдЕрдкрдбреЗрдЯ рдХрд░ рджреЗрдВред	Agar aap Reminder On karte hain to aapke saare udhaar wale customers ko har mahine ki 5 taarikh ko reminder bheja jayega. Kripya 5 se pehle saare customers ke balance update karna naa bhulein.
reminder_action_bar	рд░рд┐рдорд╛рдЗрдВрдбрд░ рд╕реЗрдЯрд┐рдВрдЧреНрд╕	Reminder Settings
reminder_next_date	\"рдЖрдкрдХреЗ рд╕рд╛рд░реЗ рдЙрдзрд╛рд░ рд╡рд╛рд▓реЗ рдЧреНрд░рд╛рд╣рдХреЛрдВ рдХреЛ рдЕрдЧрд▓рд╛ рд░рд┐рдорд╛рдЗрдВрдбрд░ %1$s рдХреЛ рднреЗрдЬрд╛ рдЬрд╛рдпреЗрдЧрд╛ред рдЕрдкрдиреЗ рдЦрд╛рддреЗ рдХреЛ %2$s рддрдХ рдЕрдкрдбреЗрдЯ рдХрд░ рдХреЗ рдЕрдкрдиреЗ рдЧреНрд░рд╛рд╣рдХ рдХреЛ рдЧрд▓рдд рдмреИрд▓реЗрдВрд╕ рднреЗрдЬрдиреЗ рд╕реЗ рдмрдЪреЗрдВред	Aapke saare udhaar wale customers ko %1$s ko agla reminder bheja jayega. Kripya %2$s tak saare Account ko update kar, galat amount ka update bhejne se bachein.
txn_meta_note	рд╡рд┐рд╡рд░рдг	Note
txn_meta_bill_added	рдмрд┐рд▓ рдЬреЛрдбрд╝рд╛ рдЧрдпрд╛	Bill joda gaya
txn_meta_change	рдмрджрд▓реЗрдВ	Badlein
share	рджреЛрд╕реНрддреЛрдВ рдХреЛ рдмрддрд╛рдпреЗрдВ	Share
whatsapp_not_installed	WhatsApp рдореМрдЬреВрдж рдирд╣реАрдВ рд╣реИ	WhatsApp installed nahi hai
reset_pwd_msg	рдЖрдкрдХреЗ рдЦрд╛рддреЗ рдХреА рд╕реБрд░рдХреНрд╖рд╛ рдХреЗ рд▓рд┐рдП, рдореЛрдмрд╛рдЗрд▓ рдирдВрдмрд░ рдкреЗ OTP рд╡реЗрд░рд┐рдлрд┐рдХреЗрд╢рди рдХреЗ рдмрд╛рдж, рдЖрдк рдкрд╛рд╕рд╡рд░реНрдб рд░рд┐рд╕реЗрдЯ рдХрд░ рд╕рдХрддреЗ рд╣реИрдВ	Security ke liye, password badalne se pehle aapko apne registered mobile ko verify karna hoga.
logout_msg	рдЖрдкрдХреЗ рдЦрд╛рддреЗ рдХреА рдЧреЛрдкрдиреАрдпрддрд╛ рдФрд░ рд╕реБрд░рдХреНрд╖рд╛ рдХреЗ рд▓рд┐рдП рдЕрдкрдирд╛ рдкрд╛рд╕рд╡рд░реНрдб рд╡реЗрд░реАрдлрд╛рдИ рдХреАрдЬрд┐рдпреЗ	Apne Account ki security ke liye aapko apna password verify karna hoga.
reset_pwd_set_new_pwd	рдирдпрд╛ рдкрд╛рд╕рд╡рд░реНрдб рд╕реЗрдЯ рдХрд░реЗрдВ	Naya password set karein
forgot_pwd	рдкрд╛рд╕рд╡рд░реНрдб рднреВрд▓ рдЧрдП	Password bhool gaye
share_title	рдЕрдкрдиреЗ рджреЛрд╕реНрддреЛрдВ рдФрд░ рдкрд░рд┐рд╡рд╛рд░ рд╡рд╛рд▓реЛрдВ рдХреЛ рдмрддрд╛рдпреЗрдВ	Apne dosto aur parivar walo ko batayein!
share_msg	рджрд┐рдП рд╣реБрдП рдЙрдзрд╛рд░ рдХрд╛ рд╕рд╛рд░рд╛ рд╣рд┐рд╕рд╛рдм рдЕрдкрдиреЗ рдлрд╝реЛрди рдореЗрдВ - рдкреНрд▓реЗ рд╕реНрдЯреЛрд░ рд╕реЗ OkCredit рдлреНрд░реА рдЗрдВрд╕реНрдЯреЙрд▓ рдХрд░реЗрдВ	Udhaar ka saara Hisaab apne Phone me - Install OkCredit for FREE @
share_on_whatsapp	WhatsApp рдкрд░ рд╢реЗрдпрд░ рдХрд░реЗрдВ	WhatsApp par share karein
reset_pwd_title	рдкрд╛рд╕рд╡рд░реНрдб рд░рд┐рд╕реЗрдЯ рдХрд░реЗрдВ	Password reset karein
reset_pwd_success	рдкрд╛рд╕рд╡рд░реНрдб рдмрджрд▓рд╛ рдЧрдпрд╛	Password badla gaya
note	рд╡рд┐рд╡рд░рдг	Note
add_note	рд╡рд┐рд╡рд░рдг рд▓рд┐рдЦреЗрдВ	Note jodein
add_note_here	рд╡рд┐рд╡рд░рдг рдпрд╣рд╛рдБ рд▓рд┐рдЦреЗрдВтАж	yaha note jodeinтАж
recust_msg	рдЖрдкрдиреЗ \'%1$s\' рдирд╛рдо рдФрд░ \'%2$s\' рдореЛрдмрд╛рдЗрд▓ рд╡рд╛рд▓реЗ рдЧреНрд░рд╛рд╣рдХ рдХреЛ рдбрд┐рд▓реАрдЯ рдХрд┐рдпрд╛ рдерд╛	Aapne \'%1$s\' - \'%2$s\' ko delete kiya tha
recust_desc	рдЗрд╕реА рдореЛрдмрд╛рдЗрд▓ рдирдВрдмрд░ рдХрд╛ рдЧреНрд░рд╛рд╣рдХ рдЬреЛрдбрд╝рдиреЗ рдХреЗ рд▓рд┐рдП рдбрд┐рд▓реАрдЯреЗрдб рдЦрд╛рддреЗ рдХреЛ рджреЛрдмрд╛рд░рд╛ рдЬреЛрдбрд╝реЗрдВ рдпрд╛ рдХрд┐рд╕реА рдирдП рдирдВрдмрд░ рдХрд╛ рдЗрд╕реНрддреЗрдорд╛рд▓ рдХрд░реЗрдВ	Is mobile number se dobara customer jodne ke liye deleted customer ko reactivate karein. Aap koi aur mobile number bhi jod sakte hain
recust_reactivate	рджреЛрдмрд╛рд░рд╛ рдЬреЛрдбрд╝реЛ	Dobara activate karein
recust_change_mobile	рдЕрд▓рдЧ рдирдВрдмрд░ рдХрд╛ рдЗрд╕реНрддреЗрдорд╛рд▓ рдХрд░реЗрдВ	Dusra mobile number jodein
custpr_add_mobile	рдореЛрдмрд╛рдЗрд▓ рдирдВрдмрд░ рдЬреЛрдбрд╝реЗрдВ	Mobile number jodein
profile_title	рдкреНрд░реЛрдлрд╛рдЗрд▓	Profile
editmerchant_title_name	рдЦрд╛рддреЗ рдХрд╛ рдирд╛рдо рдмрджрд▓реЗрдВ	Account ka naam badlein
delcst_title	рдЧреНрд░рд╛рд╣рдХ рдбрд┐рд▓реАрдЯ рдХрд░реЗрдВ	Customer delete karein
delcst_msg_settlement	рдЧреНрд░рд╛рд╣рдХ рдХрд╛ рдмреИрд▓реЗрдВрд╕ 0 рдирд╣реАрдВ рд╣реИред рдЧреНрд░рд╛рд╣рдХ рд╣рдЯрд╛рдиреЗ рдХреЗ рд▓рд┐рдП рд╣рд┐рд╕рд╛рдм рдмрд░рд╛рдмрд░ рдХрд░рдирд╛ рдЬрд░реБрд░реА рд╣реИред	Is customer ka balance 0 nahi hai. Delete karne se pehle aapko balance 0 karna hoga.
delcst_msg	рдЧреНрд░рд╛рд╣рдХ рдХреЛ рдЖрдкрдХреЗ рдЦрд╛рддреЗ рд╕реЗ рд╣рдЯрд╛ рджрд┐рдпрд╛ рдЬрд╛рдПрдЧрд╛ред рдЧреНрд░рд╛рд╣рдХ рдЕрднреА рднреА рдЕрдкрдиреЗ SMS рд╕реЗ рдмреИрд▓реЗрдВрд╕ рдФрд░ рдЕрдкрдиреЗ рдбрд┐рдЯреЗрд▓ рджреЗрдЦ рдкрд╛рдпреЗрдЧрд╛ред	Customer ko aapke Account se hata diya jayega. Customer iske baad bhi SMS me aaye huye link se ye dekh sakenge.
delcst_msg_no_mobile	рдЗрд╕ рдЧреНрд░рд╛рд╣рдХ рдХреЛ рд╣рдореЗрд╢рд╛ рдХреЗ рд▓рд┐рдП рдбрд┐рд▓реАрдЯ рдХрд░ рджрд┐рдпрд╛ рдЬрд╛рдпреЗрдЧрд╛ рдФрд░ рджреЛрдмрд╛рд░рд╛ рдЬреЛрдбрд╝рдирд╛ рдЕрд╕рдВрднрд╡ рд╣реЛрдЧрд╛	Is customer ko hamesha ke liye delete kar diya jayega aur dobara joda nahi jaa sakega
delcst_confirm	рд╣рдЯрд╛рдУ	Delete
delcst_settlement_label_credit	%1$s рдХрд╛ рдЙрдзрд╛рд░ рдЬреЛрдбрд╝реЗрдВ	%1$s ka udhaar diya
delcst_settlement_label_payment	%1$s рдХрд╛ рдкреЗрдореЗрдВрдЯ рдЬрдорд╛ рдХрд░реЗрдВ	%1$s ka payment liya
reset_pwd_otp_expired	OTP рдХрд╛ рд╕рдордп рд╕реАрдорд╛ рд╕рдорд╛рдкреНрдд, рдХреГрдкрдпрд╛ рджреЛрдмрд╛рд░рд╛ рдкреНрд░рдпрд╛рд╕ рдХрд░реЗрдВ	OTP expire ho gaya. Kripya dobara prayas karein
browser_not_found	рдЖрдкрдХреЗ рдлрд╝реЛрди рдХрд╛ рдХреЛрдИ рднреА рдРрдкреНрдк рдЗрд╕ рд░рд┐рдХреНрд╡реЗрд╕реНрдЯ рдХреЛ рдкреВрд░рд╛ рдХрд░рдиреЗ рдореЗрдВ рд╕рдХреНрд╖рдо рдирд╣реАрдВ рд╣реИред рдХреГрдкрдпрд╛ рд╡реЗрдм рдмреНрд░рд╛рдЙрдЬрд╝рд░ рдЗрдирд╕реНрдЯреЙрд▓ рдХрд░реЗрдВ	Aapke phone ka koi bhi App is request ko handle nahi karta. Kripya web browser install karein
home_sort_name	рдирд╛рдо	Naam
home_sort_balance	рд░рд╛рд╢рд┐	Amount
home_sort_recent	рдирдпрд╛	Latest
slide1_title	рдЙрдзрд╛рд░ / рдкреЗрдореЗрдВрдЯ рдХрд╛ рдбрд┐рдЬрд┐рдЯрд▓ рд░рд┐рдХреЙрд░реНрдб	Udhaar / Payment ka Digital Record
slide1_subtitle	рдХреЙрдкреА, рдХрд▓рдо, рдХреИрд▓рдХреБрд▓реЗрдЯрд░ рдЕрд▓рд╡рд┐рджрд╛	Kaagaj, Kalam &amp; Calculator ko kijiye alwida
slide2_title	рдЧреНрд░рд╛рд╣рдХ рдХреЛ рдлреНрд░реА SMS рдЕрдкрдбреЗрдЯ	Customer ko free SMS milega
slide2_subtitle	рдиреЛ рдХрдиреНрдлреНрдпреВрдЬрди, рдиреЛ рдЯреЗрдВрд╢рди	No confusion. No tension.
slide3_title	рдХрд╣реАрдВ рднреА, рдХрднреА рднреА рдЗрд╕реНрддреЗрдорд╛рд▓ рдХрд░реЗрдВ	Kahi bhi, Kabhi bhi use karein
slide3_subtitle	100% рд╕реЗрдл, рд╕рд┐рдХреНрдпреЛрд░, рдкрд░реНрд╕рдирд▓ рдбрд╛рдпрд░реА	100% Safe, Secure, Personal Diary
swipe_to_learn	рдФрд░ рдЬрд╛рдирдиреЗ рдХреЗ рд▓рд┐рдП рд╕реНрд╡рд╛рдЗрдк рдХреАрдЬрд┐рдпреЗ	Aur jaankari ke liye swipe karein
digital_india_1	рдбрд┐рдЬрд┐рдЯрд▓	Digital
digital_india_2	рдЙрдзрд╛рд░ рдЦрд╛рддрд╛	Udhaar Khaata
enter_otp	OkCredit рджреНрд╡рд╛рд░рд╛ SMS рд╕реЗ рднреЗрдЬрд╛ рд╣реБрдЖ OTP рджрд░реНрдЬ рдХрд░реЗрдВ	SMS se aaya hua OkCredit OTP daale
autoverifying	SMS рд╕реЗ OTP рдСрдЯреЛ-рд╡реЗрд░реАрдлрд╛рдИ рдХрд░рдиреЗ рдХреА рдХреЛрд╢рд┐рд╢ рд╣реЛ рд░рд╣реА рд╣реИ	SMS se aaya hua OTP auto verify kiya jaye
checking_otp	OTP рдЪреЗрдХ рдХрд┐рдпрд╛ рдЬрд╛ рд░рд╣рд╛ рд╣реИ	OTP check kiya jaa raha...
verification_success	рдореЛрдмрд╛рдЗрд▓ рд╡реЗрд░рд┐рдлрд┐рдХреЗрд╢рди рд╕рдлрд▓	Verification safal
record_first_credit_title	рдкрд╣рд▓рд╛ рдЙрдзрд╛рд░ рд░рд┐рдХреЙрд░реНрдб рдХрд░реЗрдВ	Apna pehla udhaar record karein
record_first_credit_desc	рдЯреЗрд╕реНрдЯ рдХрд╕реНрдЯрдорд░ рдкрд░ рдХреНрд▓рд┐рдХ рдХрд░ рдХреЗ рджрд┐рдпрд╛ рд╣реБрдЖ рдЙрдзрд╛рд░ рдЬреЛрдбрд╝реЗрдВ рдФрд░ рдлреНрд░реА SMS рдмреИрд▓реЗрдВрд╕ рдЕрдкрдбреЗрдЯ рднреЗрдЬреЗрдВ	Test customer par click kar, diya hua udhaar jodein aur SMS balance update bhejein
skip	рд░рд╣рдиреЗ рджреЗрдВ	Skip
add_first_cst_title	рдЕрдкрдирд╛ рдкрд╣рд▓рд╛ рдЧреНрд░рд╛рд╣рдХ рдЬреЛрдбрд╝реЗрдВ	Apna pehla customer jodein
add_first_cst_desc	рдирдП рдЧреНрд░рд╛рд╣рдХ рдХреЛ рдЕрдкрдиреЗ рдЦрд╛рддреЗ рдореЗрдВ рдЬреЛрдбрд╝рдиреЗ рдХреЗ рд▓рд┐рдП рдиреАрдЪреЗ рджрд┐рдП рдмрдЯрди рдХреЛ рдХреНрд▓рд┐рдХ рдХреАрдЬрд┐рдпреЗ	Niche button par click kar, naya customer jodein aur unka udhaar aur payment likhein
tut_customer_screen_desc	\'рдЙрдзрд╛рд░  рджрд┐рдпрд╛ \' рдмрдЯрди рдкреЗ рдХреНрд▓рд┐рдХ рдХрд░, рдЧреНрд░рд╛рд╣рдХ рдХреЛ рджрд┐рдП рдЙрдзрд╛рд░ рджрд░реНрдЬ рдХрд░реЗрдВ	\'Udhaar diya\' button par click kar, customer ko diya hua udhaar jodein
tut_add_txn_desc_credit	рдЙрдзрд╛рд░ рд░рд╛рд╢рд┐ рдЬреЛрдбрд╝реЗрдВред рдкрд┐рди рдЖрдЗрдХреЙрди рдкрд░ рдХреНрд▓рд┐рдХ рдХрд░, рд░рд┐рдорд╛рд░реНрдХ рдпрд╛ рдмрд┐рд▓ рдХреА рдлреЛрдЯреЛ рднреА рдЬреЛрдбрд╝ рд╕рдХрддреЗ рд╣реИрдВ	Udhaar ka amount jode. Bill ki photo ya note jodne ke liye, pin icon par click karein
tut_add_txn_desc_payment	рдкреЗрдореЗрдВрдЯ рд░рд╛рд╢рд┐ рдЬреЛрдбрд╝реЗрдВред рдкрд┐рди рдЖрдЗрдХреЙрди рдкрд░ рдХреНрд▓рд┐рдХ рдХрд░, рд░рд┐рдорд╛рд░реНрдХ рдпрд╛ рдмрд┐рд▓ рдХреА рдлреЛрдЯреЛ рднреА рдЬреЛрдбрд╝ рд╕рдХрддреЗ рд╣реИрдВ	Payment amount jode. Bill ki photo ya note jodne ke liye pin icon par click karein
tut_confirm_txn_desc_credit	рдЖрдкрдХреЗ рдЧреНрд░рд╛рд╣рдХ рдХреЛ рдлреНрд░реА SMS рджреНрд╡рд╛рд░рд╛ рдЙрдирдХрд╛ рдмреИрд▓реЗрдВрд╕ рдФрд░ рдЕрдХрд╛рдЙрдВрдЯ рд▓рд┐рдВрдХ рднреЗрдЬрд╛ рдЬрд╛рдпреЗрдЧрд╛	Aapke customer ko, unke len-den ka amount, balance aur unka OkCredit khata (link ke saath), ek free SMS bheja jayega.
tut_confirm_txn_desc_payment	рдЕрдкрдиреЗ OkCredit рдЦрд╛рддреЗ рдХреЗ рдкрд╛рд╕рд╡рд░реНрдб рд╕реЗ, рдкреЗрдореЗрдВрдЯ рдХрдиреНрдлрд░реНрдо рдХрд░реЗрдВ	Apna password daal kar payment confirm karein
old_balance_button_text	рдкреБрд░рд╛рдирд╛ рдмреИрд▓реЗрдВрд╕ рдЬреЛрдбрд╝реЗрдВ	Purana Balance Jodein
old_balance_button_credit	рдЙрдзрд╛рд░ рдмреИрд▓реЗрдВрд╕	Udhaar Balance
old_balance_button_payment	рдкреЗрдореЗрдВрдЯ рдПрдбрд╡рд╛рдВрд╕	Payment Advance
confirm_old_balance	рдХрдиреНрдлрд░реНрдо рдЙрдзрд╛рд░ рдмреИрд▓реЗрдВрд╕	Purana balance confirm karein
old_balance_added	рдкреБрд░рд╛рдирд╛ рдмреИрд▓реЗрдВрд╕ рд░рд┐рдХреЙрд░реНрдб рд╕рдлрд▓	Purana balance safal
old_balance_title_credit	рдкреБрд░рд╛рдирд╛ рдЙрдзрд╛рд░ рдмреИрд▓реЗрдВрд╕	Purana Udhaar Balance
old_balance_title_payment	рдкреБрд░рд╛рдирд╛ рдкреЗрдореЗрдВрдЯ рдПрдбрд╡рд╛рдВрд╕	Purana Payment Advance
old_balance_activity_title_bar	рдкреБрд░рд╛рдирд╛ рдмреИрд▓реЗрдВрд╕	Purana Balance
importcontacts_search_contacts	рдХрд╛рдВрдЯреЗрдХреНрдЯ рдЦреЛрдЬреЗрдВ	Contacts khojein
write_contacts_permission_msg	OkCredit рдХреЛ рдЕрдкрдиреЗ рдлрд╝реЛрдиреНрдмреВрдХ рдХрд╛рдВрдЯреИрдХреНрдЯ рдореЗрдВ рдЬреЛрдбрд╝рдиреЗ рдХреЗ рд▓рд┐рдП, рдлрд╝реЛрдиреНрдмреВрдХ рдХрд╛рдВрдЯреИрдХреНрдЯ рдХрд╛ рдкрд░рдорд┐рд╢рди рджреЗрдВ	Kripya contacts ka write permission de kar OkCredit ko apne phone contact me jodein
record_first_transaction	%1$s рдХреЗ рд╕рд╛рде рдкрд╣рд▓рд╛ рд▓реЗрди-рджреЗрди рд░рд┐рдХреЙрд░реНрдб рдХрд░реЗрдВ	%1$s ke saath pehla len-den record karein
volume_low	рд╕рд╣рд╛рдпрддрд╛ рдСрдбрд┐рдпреЛ рдХреЗ рд▓рд┐рдП, рд╡реЙрд▓реНрдпреВрдо рдмрдврд╝рд╛рдПрдВ	Help audio sunne ke liye, volume badhayein
try_payment	рдкреЗрдореЗрдВрдЯ рдЯреЗрд╕реНрдЯ рдХрд░реЗрдВ	Payment try karein
send_reminder_whatsapp	рдкреЗрдореЗрдВрдЯ рд░рд┐рдорд╛рдЗрдВрдбрд░ рднреЗрдЬреЗрдВ	Payment ke liye Reminder bhejein
generate_reminder	рд░рд┐рдорд╛рдЗрдВрдбрд░ рдореИрд╕реЗрдЬ рдмрдирд╛рдпрд╛ рдЬрд╛ рд░рд╣рд╛ рд╣реИтАж	Reminder taiyar ho rahaтАж
payment_reminder	рдкреЗрдореЗрдВрдЯ рд░рд┐рдорд╛рдЗрдВрдбрд░	Payment Reminder
dues_as_on	рдЙрдзрд╛рд░ рдмреИрд▓реЗрдВрд╕ ON	Dues as on
verified_by_okc	OkCredit рдкреНрд░рдорд╛рдгрд┐рдд	OkCredit Verified
in_app_lang_desc	рдЖрдкрдХреЗ рдЧреНрд░рд╛рд╣рдХ рдХреЛ, рдЪреБрдиреЗ рд╣реБрдП рднрд╛рд╖рд╛ рдореЗрдВ рд╣реА рдлреНрд░реА SMS рдмреИрд▓реЗрдВрд╕ рдЕрдкрдбреЗрдЯ рднреЗрдЬрд╛ рдЬрд╛рдпреЗрдЧрд╛ред	Aapke customers ko aapke chune huye bhaasha me SMS update bheja jayega
tx_detail_old_credit_desc	рдкреБрд░рд╛рдирд╛ рдЙрдзрд╛рд░ рдмреИрд▓реЗрдВрд╕ рдЬреЛрдбрд╝реЗрдВ	ka opening udhaar balance joda gaya
tx_detail_old_payment_desc	рдкреБрд░рд╛рдирд╛ рдкреЗрдореЗрдВрдЯ рдПрдбрд╡рд╛рдВрд╕ рдЬреЛрдбрд╝реЗрдВ	ka opening Payment advance joda gaya
tx_detail_old_credit_title	рдкреБрд░рд╛рдирд╛ рдЙрдзрд╛рд░ рдмреИрд▓реЗрдВрд╕	Purana udhaar balance
tx_detail_old_payment_title	рдкреБрд░рд╛рдирд╛ рдкреЗрдореЗрдВрдЯ рдПрдбрд╡рд╛рдВрд╕	Purana Payment advance
credit_delete_desc	рдХреИрдВрд╕рд┐рд▓ рдЙрдзрд╛рд░	Cancel Udhaar
payment_delete_desc	рдХреИрдВрд╕рд┐рд▓ рдкреЗрдореЗрдВрдЯ	Cancel Payment
tx_delete	рдХреИрдВрд╕рд┐рд▓	Cancel
del_credit_msg	рдпрд╣ рдЙрдзрд╛рд░ рдХреИрдВрд╕рд┐рд▓ рд╣реЛ рдЬрд╛рдпреЗрдЧрд╛ рдФрд░ рдЧреНрд░рд╛рд╣рдХ рдХреЛ рдЗрд╕рдХрд╛ SMS рднреЗрдЬ рджрд┐рдпрд╛ рдЬрд╛рдпреЗрдЧрд╛	Is udhaar ko cancel kar diya jayega aur customer ko uske mobile number par SMS bheja jayega
del_payment_msg	рдпрд╣ рдкреЗрдореЗрдВрдЯ рдХреИрдВрд╕рд┐рд▓ рд╣реЛ рдЬрд╛рдпреЗрдЧрд╛ рдФрд░ рдЧреНрд░рд╛рд╣рдХ рдХреЛ рдЗрд╕рдХрд╛ SMS рднреЗрдЬ рджрд┐рдпрд╛ рдЬрд╛рдпреЗрдЧрд╛	Is Payment ko cancel kar diya jayega aur customer ko uske mobile number par SMS bheja jayega
tx_deleted_msg	%1$s рдХреЛ рдХреИрдВрд╕рд┐рд▓ рдХрд┐рдпрд╛	%1$s ko cancel kiya
tx_delete_not_allowed	рдЙрдзрд╛рд░ рдпрд╛ рдкреЗрдореЗрдВрдЯ рд░рд┐рдХреЙрд░реНрдб рдХрд░рдиреЗ рдХреЗ 24 рдШрдВрдЯреЗ рдХреЗ рдмрд╛рдж, рдХреИрдВрд╕рд┐рд▓ рдирд╣реАрдВ рдХрд░ рд╕рдХрддреЗ	Record likne ke 24 ghante ke baad cancel nahi kar sakte
credit_cancelled	рдЙрдзрд╛рд░ рдХреИрдВрд╕рд┐рд▓	Credit cancel kiya gaya
payment_cancelled	рдкреЗрдореЗрдВрдЯ рдХреИрдВрд╕рд┐рд▓	Payment cancel kiya gaya
cst_deleted	рдЧреНрд░рд╛рд╣рдХ рдбрд┐рд▓реАрдЯ	Customer Deleted
cst_deleted_msg	рдЧреНрд░рд╛рд╣рдХ рдбрд┐рд▓реАрдЯ	Customer deleted
account_security	рд╕реБрд░рдХреНрд╖рд╛	Security
security_app_lock	рдРрдкреНрдк рд▓реЙрдХ	App Lock
status_on	рдСрди	On
status_off	рдСрдл	Off
app_lock_enabled	рдРрдкреНрдк рд▓реЙрдХ рдЪрд╛рд▓реВ	App Lock On
app_lock_disabled	рдРрдкреНрдк рд▓реЙрдХ рдмрдВрдж	App Lock Off
app_lock_enable	рд▓рдЧрд╛рдпреЗрдВ	On karne ke liye click karein
app_lock_disable	рд╣рдЯрд╛рдпреЗрдВ	Off karne ke liye click karein
enable_app_lock	рдРрдкреНрдк рд▓реЙрдХ рд▓рдЧрд╛рдпреЗрдВ	App Lock on karein
disable_app_lock	рдРрдкреНрдк рд▓реЙрдХ рд╣рдЯрд╛рдпреЗрдВ	App Lock off karein
app_lock_desc_msg	рдРрдкреНрдк рд▓реЙрдХ, рдЖрдкрдХреЗ OkCredit рдЦрд╛рддреЗ рдХреЛ рдЖрдкрдХрд╛ рдлрд╝реЛрди рдЗрд╕реНрддреЗрдорд╛рд▓ рдХрд░рдиреЗ рд╡рд╛рд▓реЗ рдмрд╛рдХреА рд▓реЛрдЧреЛрдВ рд╕реЗ рд╕реБрд░рдХреНрд╖рд┐рдд рд░рдЦрддрд╛ рд╣реИред рдпрд╣ рд▓реЙрдХ рд╕рд┐рд░реНрдл рдПрдХ рдлрд╝реЛрди рдХреЗ рд▓рд┐рдП рд╣реИред рдЕрдЧрд░ рдЖрдк рдПрдХ рд╕реЗ рдЬреНрдпрд╛рджрд╛ рдлрд╝реЛрди рдореЗрдВ OkCredit рдЪрд▓рд╛рддреЗ рд╣реИрдВ рддреЛ рдЕрдкрдиреЗ рд╣рд░ рдлрд╝реЛрди рдореЗрдВ рдЕрд▓рдЧ рд╕реЗ рдРрдкреНрдк рд▓реЙрдХ рд▓рдЧрд╛рдпреЗрдВред	App Lock aapke OkCredit Account ko dusro se safe rakhta hai. Yah lock sirf ek phone ko bachata hai. Agar aap ek se jyada phone me OkCredit istemaal karte hain to har phone me alag se lock lagayein.
draw_unlock_pattern	рдЕрдирд▓реЙрдХ рдкреИрдЯрд░реНрди рдмрдирд╛рдпреЗрдВ	Unlock pattern banayein
draw_patern_again	рджреЛрдмрд╛рд░рд╛ рд╕реЗрдо рдкреИрдЯрд░реНрди рдмрдирд╛рдпреЗрдВ	Dobara pattern bana kar confirm karein
set_pattern	рдкреИрдЯрд░реНрди рд╕реЗрдЯ рдХрд░реЗрдВ	Set Pattern
confirm_pattern	рдкреИрдЯрд░реНрди рдХрдиреНрдлрд░реНрдо рдХрд░реЗрдВ	Confirm Pattern
incorrect_pattern	рдЧрд▓рдд рдкреИрдЯрд░реНрди	Galat Pattern
invalid_pattern	рдХрдо рд╕реЗ рдХрдо 4 рдбреЙрдЯ рдХрдиреЗрдХреНрдЯ рдХрд░реЗрдВ	Kam se kam 4 dots jodein
pattern_mismatch	рджреЛрдиреЛрдВ рдкреИрдЯрд░реНрди рдПрдХ рдЬреИрд╕реЗ рдирд╣реАрдВ рд╣реИрдВред	Dono patterns match nahi ho rahe
pattern_verified	рд╕рд╣реА рдкреИрдЯрд░реНрди	Pattern Verified
forgot_pattern	рдкреИрдЯрд░реНрди рднреВрд▓ рдЧрдпреЗ?	Pattern bhool gaye?
pattern_disable_sign_in_msg	рдРрдкреНрдк рд▓реЙрдХ рд╣рдЯрд╛рдиреЗ рдХреЗ рд▓рд┐рдП рдЕрдкрдиреЗ OkCredit рдкрд╛рд╕рд╡рд░реНрдб рд╕реЗ рд╕рд╛рдЗрди рдЗрди рдХрд░реЗрдВред	Apne password se sign in kar ke app lock ko off karein
due	рдЙрдзрд╛рд░	Udhaar
old_balance_screen_tut_desc	%1$s рддрдХ рдХрд╛ рдЯреЛрдЯрд▓ рдкреБрд░рд╛рдирд╛ рдмреИрд▓реЗрдВрд╕ рд░рд┐рдХреЙрд░реНрдб рдХрд░реЗрдВ рдФрд░ рдЧреНрд░рд╛рд╣рдХ рдХреЛ рд╕реНрдкреЗрд╢рд▓ рдУрдкрдирд┐рдВрдЧ рдмреИрд▓реЗрдВрд╕ SMS рднреЗрдЬреЗрдВ	%1$s tak ka purana udhaar jode aur apne customer ko ek special opening balance SMS bhejein
record_first_tx	OkCredit рдЯреНрд░рд╛рдИ рдХрд░рдиреЗ рдХреЗ рд▓рд┐рдП рдЯреЗрд╕реНрдЯ рдЧреНрд░рд╛рд╣рдХ рдкрд░ рдХреНрд▓рд┐рдХ рдХрд░реЗрдВ	TEST customer par click kar ke OkCredit try kijiye
update_noti_title	OkCredit рдЕрдкрдбреЗрдЯ рдХрд░реЗрдВ	OkCredit update karein
update_noti_subtitle	рдФрд░ рд▓реЗрдЯреЗрд╕реНрдЯ рдлреАрдЪрд░реНрд╕ рдкрд╛рдпреЗрдВ	aur latest feature paaiye
app_lock_noti_title	рдЦрд╛рддрд╛ рд╕реЗрдХреНрдпреВрд░рд┐рдЯреА рдмрдврд╝рд╛рдПрдВ	App Lock on karein
app_lock_noti_subtitle	рдРрдкреНрдк рд▓реЙрдХ рд▓рдЧрд╛рдпреЗрдВ	aur apne Account ko secure karein
reminder_noti_title	рдмреИрд▓реЗрдВрд╕ рдЕрдкрдбреЗрдЯ рдХрд░ рд▓реЗрдВ	Balance update karein
reminder_noti_subtitle	5 рддрд╛рд░реАрдЦ рдХреЛ рд░рд┐рдорд╛рдЗрдВрдбрд░ рднреЗрдЬреЗ рдЬрд╛рдпреЗрдВрдЧреЗ	5th ko reminders bheje jayenge
share_noti_title	OkCredit рд╢реЗрдпрд░ рдХрд░реЗрдВ	Dosto ko surprise karein
share_noti_subtitle	рджреЛрд╕реНрддреЛрдВ рдХреЛ рджреЗрдВ рдПрдХ рдбрд┐рдЬрд┐рдЯрд▓ рдЧрд┐рдлреНрдЯ!	aur bhejiye ek digital gift
no_internet_title	рдЗрдВрдЯрд░рдиреЗрдЯ рдЬрд░реБрд░реА рд╣реИ	Internet Jaruri hai
no_internet_msg	рдЯрд╛рд╕реНрдХ рдХреЗ рд▓рд┐рдП рдЗрдВрдЯрд░рдиреЗрдЯ рдЖрд╡рд╢реНрдпрдХ рд╣реИред рдХреГрдкрдпрд╛ рдЗрдВрдЯрд░рдиреЗрдЯ рд╕реЗ рдХрдиреЗрдХреНрдЯ рд╣реЛрдиреЗ рдХреЗ рдмрд╛рдж рджреЛрдмрд╛рд░рд╛ рдкреНрд░рдпрд╛рд╕ рдХрд░реЗрдВред	Iske liye internet jaruri hai. Kripya internet se connect ho kar dobara prayas karein
no_internet_msg_customer	рдХрд╕реНрдЯрдорд░ рдЕрднреА рддрдХ рдСрдлрд▓рд╛рдЗрди рдЙрдкрд▓рдмреНрдз рдирд╣реАрдВ рд╣реИред рдХреГрдкрдпрд╛ рдЗрдВрдЯрд░рдиреЗрдЯ рд╕реЗ рдХрдиреЗрдХреНрдЯ рд╣реЛрдиреЗ рдХреЗ рдмрд╛рдж рджреЛрдмрд╛рд░рд╛ рдХрд╕реНрдЯрдорд░ рд▓реЛрдб рдХрд░рдиреЗ рдХрд╛ рдкреНрд░рдпрд╛рд╕ рдХрд░реЗрдВред	Customer offline maujood nahi hai. Kripya internet se connect hone ke baad dobara prayas karein
report_loading_msg	рд░рд┐рдкреЛрд░реНрдЯ рддреИрдпрд╛рд░ рд╣реЛ рд░рд╣рд╛...	Report banaya jaa rahaтАж
home_no_internet_msg	рдЗрдВрдЯрд░рдиреЗрдЯ рдХрдиреЗрдХреНрд╢рди рдирд╣реАрдВ рд╣реИ	Internet connection nahi
payment_reminder_whatsapp_msg	рдкреЗрдореЗрдВрдЯ рдкреЗрдВрдбрд┐рдВрдЧ - рдХреГрдкрдпрд╛ рдЬрд▓реНрдж рд╕реЗ рдЬрд▓реНрдж рдкреЗрдореЗрдВрдЯ рдХрд░реЗрдВред %1$s рд╕реЗ рдЕрдкрдиреЗ рдЦрд╛рддреЗ рдХрд╛ рдбрд┐рдЯреЗрд▓ рджреЗрдЦреЗрдВред	Payment pending - Kripya jald se jald payment kijiye. %1$s se details check karein
share_okcredit	рджреЛрд╕реНрддреЛрдВ рдХреЛ рдмрддрд╛рдПрдБ	Share OkCredit
other_options	рдЕрдиреНрдп рд╡рд┐рдХрд▓реНрдк	Other Options
thanks_in_advance	рдЕрдЧреНрд░рд┐рдо рдзрдиреНрдпрд╡рд╛рдж! ЁЯШК	Advance Dhanyawaad!ЁЯШК
share_okcredit_app	OkCredit рдРрдк рдХреЛ рдЕрдкрдиреЗ рд╡реНрдпрд╡рд╕рд╛рдпреА рджреЛрд╕реНрддреЛрдВ рдХреЗ рд╕рд╛рде рд╕рд╛рдЭрд╛ рдХрд░реЗрдВ	Apne vyapaari dosto ke saath OkCredit share karein
rating_noti_title	OkCredit рдкрд╕рдВрдж рд╣реИ?	OkCredit pasand hai?
rating_noti_subtitle	рд╣рдореЗрдВ рд░реЗрдЯ рдХрд░реЗрдВ рдФрд░ рдЕрдкрдиреЗ рд╡рд┐рдЪрд╛рд░ рд╡реНрдпрдХреНрдд рдХрд░реЗрдВ	OkCredit ko rate kare aur reviews share karein!
rate_okcredit	рд░реЗрдЯ OkCredit	Rate OkCredit
rate_five_star	рд╣рдореЗрдВ 5 рд╕рд┐рддрд╛рд░рд╛ рд░реЗрдЯ рдХрд░, OkCredit рд╕реЗ рдЕрдкрдирд╛ рдкреНрдпрд╛рд░ рдЬрддрд╛рдПрдБ!	5-stars rate karein aur OkCredit ko apna pyar dein
thanks_for_love	рдЖрдкрдХреЗ рд╕рд╣рдпреЛрдЧ рдХреЗ рд▓рд┐рдП рдзрдиреНрдпрд╡рд╛рдж!	Aapke pyaar aur sahyog ke liye dhanyawaad!
rate_five_star_and_reviews	рд╣рдореЗрдВ 5-рд╕реНрдЯрд╛рд░ рд░реЗрдЯ рдХрд░реЗрдВ рдФрд░ рдЕрдкрдиреЗ рд╡рд┐рдЪрд╛рд░ рд╡реНрдпрдХреНрдд рдХрд░реЗрдВ!	5-stars rating de kar apne reviews share karein!
rate_playstore	рдкреНрд▓реЗрд╕реНрдЯреЛрд░ рдкреЗ рд░реЗрдЯ рдХрд░реЗрдВ	Play Store par Rate karein
help_us_make	OkCredit рдХреЛ рдмреЗрд╣рддрд░ рдмрдирд╛рдиреЗ рдореЗрдВ рд╕рд╣рдпреЛрдЧ рджреЗрдВ!	OkCredit ko behtar banane me hamari madad karein!
submit_feedback	рдкреНрд░рддрд┐рдХреНрд░рд┐рдпрд╛ рд╡реНрдпрдХреНрдд рдХрд░реЗрдВ	Feedback Dein
feedback_and_suggestions		
what_will_make_five_star	OkCredit рдХреЛ 5-рд╕реНрдЯрд╛рд░ рдРрдк рдХреИрд╕реЗ рдмрдирд╛рдПрдБ?	OkCredit 5-star app kaise ban sakta hai?
please_enter_feedback	рдХреГрдкрдпрд╛ рдЕрдкрдиреА рдкреНрд░рддрд┐рдХреНрд░рд┐рдпрд╛ рджреЗрдВ	Kripya apna feedback Jamaa karein
thanks_for_feedback	рдЖрдкрдХреЗ рдЕрдирдореЛрд▓ рдкреНрд░рддрд┐рдХреНрд░рд┐рдпрд╛ рдХреЗ рд▓рд┐рдП рдзрдиреНрдпрд╡рд╛рдж!	Aapke bahumulya feedback ke liye dhanyawaad
payment_reminder_by	рдХреЗ рджреНрд╡рд╛рд░рд╛ рдкреЗрдореЗрдВрдЯ рд░рд┐рдорд╛рдЗрдВрдбрд░ред	Payment Reminder by
payment_reminder_amount	рдЕрдорд╛рдЙрдВрдЯ:	amount:
payment_reminder_check_details	рдбрд┐рдЯреЗрд▓ рдЪреЗрдХ рдХрд░реЗрдВ	Details check karein
send_to_customer	рдЧреНрд░рд╛рд╣рдХ рдХреЛ рднреЗрдЬреЗрдВ	Customer ko bhejein
send_total_balance	рдЯреЛрдЯрд▓ рдЙрдзрд╛рд░ рдмреИрд▓реЗрдВрд╕ рднреЗрдЬреЗрдВ	Total udhaar balance bhejein
send_payment_reminder_whatsapp	рдкреЗрдореЗрдВрдЯ рд░рд┐рдорд╛рдЗрдВрдбрд░ WhatsApp рдХрд░реЗрдВ	WhatsApp se Payment Reminder bhejein
summery_of_all	рдЖрдЦрд░реА 0 рдмреИрд▓реЗрдиреНрд╕ рд╕реЗ рдЕрднреА рддрдХ рдХреЗ рд╕рд╛рд░реЗ рд▓реЗрди рджреЗрди рдХрд╛ рд╡рд┐рд╡рд░рдг	Pichhle 0 balance ke baad saare len-den
mini_statement_whatsapp	рдорд┐рдиреА рд╕реНрдЯреЗрдЯреНрдореЗрдВрдЯ WhatsApp рдХрд░реЗрдВ	WhatsApp se Mini Statement bhejein
send_month_report_whatsapp	рдорд╛рд╕рд┐рдХ рд░рд┐рдкреЛрд░реНрдЯ WhatsApp рдХрд░реЗрдВ	WhatsApp se maasik report bhejein
send_current_last_summery	рдЗрд╕ рдорд╣реАрдиреЗ рдХреЗ рд╕рд╛рд░реЗ рд▓реЗрди-рджреЗрди рдХрд╛ рд╡рд┐рд╡рд░рдг	Is mahine ke saare Udhaar / Payment ka record
sms_reminder	рдкреЗрдореЗрдВрдЯ рд░рд┐рдорд╛рдЗрдВрдбрд░ SMS рдХрд░реЗрдВ	SMS se Payment Reminder bhejein
send_sms_from_phone	рдЕрдкрдиреЗ рдлреЛрдиреЗ рд╕реЗ SMS рднреЗрдЬреЗрдВ. SMS рдЪрд╛рд░реНрдЬ рдЖрдкрдХреЗ рдореЛрдмрд╛рдЗрд▓ рд╕рд░реНрд╡рд┐рд╕ рдкрд░ рдирд┐рд░реНрднрд░ рд╣реИ	Apne phone se SMS bhejiye. Standard SMS rates lag sakte hain.
sms_sent	SMS рднреЗрдЬрд╛ рдЧрдпрд╛	SMS bheja gaya
sms_send_failed_try_again	SMS рднреЗрдЬрдирд╛ рд╡рд┐рдлрд▓ред рдХреГрдкрдпрд╛ SMS рдРрдкреНрдк рдЗрд╕реНрддреЗрдорд╛рд▓ рдХрд░реЗрдВрдВ	SMS bhejna vifal. Kripya apne SMS app ka prayog kare
sms_delivered	SMS рдкрд╣реБрдВрдЪрд╛ рджрд┐рдпрд╛	SMS pahuch gaya
sms_not_delivered	SMS рдирд╣реАрдВ рдкрд╣реБрдВрдЪрд╛	SMS nahi bheja gaya
sms_sending	SMS рднреЗрдЬ рд░рд╣рд╛ рд╣реИтАж	SMS bheja jaa rahaтАж
language_malayalam	р┤ор┤▓р┤пр┤╛р┤│р┤В	р┤ор┤▓р┤пр┤╛р┤│р┤В
gallery	рдЧреИрд▓рд░реА	Gallery
camera	рдХреИрдорд░рд╛	Camera
import_phone_contact_title	рдХрд╛рдВрдЯреЗрдХреНрдЯ рд▓рд┐рд╕реНрдЯ рд╕реЗ рдЬреЛрдбрд╝реЗрдВ	Import Phone Contacts
import_phone_contact_desc	рдЕрдкрдиреЗ рдлреЛрдирдмреБрдХ рд╕реЗ рдирдП рдЧреНрд░рд╛рд╣рдХреЛрдВ рдХреЛ рдЬреЛрдбрд╝рдиреЗ рдХреЗ рд▓рд┐рдП рдХрд╛рдВрдЯреЗрдХреНрдЯ рдХреЛ рд╕рд┐рдВрдХ рдХрд░реЗрдВред	Apne customers ko OkCredit me jaldi se jodne ke liye Phonebook se Contact import karein
contacts	рдХрд╛рдВрдЯреЗрдХреНрдЯ	Contacts
add	рдЬреЛрдбрд╝реЗрдВ	Add
address	рдкрддрд╛	Address
name_should_not	рдирд╛рдо рдореЗрдВ 30 рд╕реЗ рдЕрдзрд┐рдХ рд╡рд░реНрдг рдирд╣реАрдВ рд╣реЛрдиреЗ рдЪрд╛рд╣рд┐рдПред	Naam me 30 se jyada characters nahi ho sakte
address_should_not	рдкрддреЗ рдореЗрдВ 50 рд╕реЗ рдЕрдзрд┐рдХ рд╡рд░реНрдг рдирд╣реАрдВ рд╣реЛрдиреЗ рдЪрд╛рд╣рд┐рдПред	Address maximum 50 characters ka hi ho sakta hai
invalid_phone	10 рдЕрдВрдХреЛрдВ рдХрд╛ рд╕рд╣реА рдореЛрдмрд╛рдЗрд▓ рдирдВрдмрд░ рдбрд╛рд▓реЗрдВ	10 digit ka correct mobile number likhein
where_do_you_want_choose_from	рдЖрдк рдХрд╣рд╛рдВ рд╕реЗ рдЪреБрдирдирд╛ рдЪрд╛рд╣рддреЗ рд╣реИрдВ?	Kaha se choose karna chahte hain?
txn_gallery_permission_msg	рдмрд┐рд▓ рдЬреЛрдбрд╝рдиреЗ рдХреЗ рд▓рд┐рдП рдЧреИрд▓рд░реА рдкрд░рдорд┐рд╢рди рджреЗрдВ	Bill ki photo jodne ke liye gallery ki permission dein
customer_profile_camera_permission_msg	рдмрд┐рд▓ рдЬреЛрдбрд╝рдиреЗ рдХреЗ рд▓рд┐рдП рдХреИрдорд░рд╛ рдкрд░рдорд┐рд╢рди рджреЗрдВ	Bill ki photo jodne ke liye camera permission dein
customer_profile_gallery_permission_msg	рдмрд┐рд▓ рдЬреЛрдбрд╝рдиреЗ рдХреЗ рд▓рд┐рдП рдЧреИрд▓рд░реА рдкрд░рдорд┐рд╢рди рджреЗрдВ	Bill ki photo jodne ke liye gallery ki permission dein
add_first_customer	рдЕрдкрдирд╛ рдкрд╣рд▓рд╛ рдЧреНрд░рд╛рд╣рдХ рдЬреЛрдбрд╝реЗрдВ	APNA FIRST CUSTOMER JODIYE
home_sort_last_payment	рдкреЗрдореЗрдВрдЯ рдбреНрдпреВ	Payment due
privacy_policy	рдЧреЛрдкрдиреАрдпрддрд╛ рдиреАрддрд┐	Privacy Policy
add_mobile_desc	рд╣рд░ рд▓реЗрдирджреЗрди рдХрд╛ рдЕрдкрдбреЗрдЯ рднреЗрдЬрдиреЗ рдХреЗ рд▓рд┐рдП рдореЛрдмрд╛рдЗрд▓ рдЬреЛрдбрд╝реЗрдВ	Har len den ka update bhejne ke liye mobile jodein
edit_mobile	рдореЛрдмрд╛рдЗрд▓ рдирдВрдмрд░ рдмрджрд▓реЗ	Mobile Number badlein
enter_4_digit_code_sent_on_new_mobile_number_of	рдирдП рдореЛрдмрд╛рдЗрд▓ рдирдВрдмрд░ рдкрд░ рднреЗрдЬреЗ рдЧрдП 4 рдЕрдВрдХреЛрдВ рдХрд╛ рдХреЛрдб рджрд░реНрдЬ рдХрд░реЗрдВ	Naye mobile number par bheja hua 4 digit code bharein
didnt_code	рдХреЛрдб рдкреНрд░рд╛рдкреНрдд рдирд╣реАрдВ рд╣реБрдЖ?	Code nahi aaya?
resend	рдкреБрди: рднреЗрдЬреЗрдВ	RESEND
wrong_code_enter_correct_code	рдЧрд▓рдд рдХреЛрдб ! рд╕рд╣реА рдХреЛрдб рднрд░реЗрдВ	Galat Code ! Sahi Code Enter Karein
delete_cus	рдЧреНрд░рд╛рд╣рдХ рдбрд┐рд▓реАрдЯ рдХрд░реЗрдВ	Delete Customer
custpr_add_address	рдкрддрд╛ рдЬреЛрдбрд╝реЗрдВ	Address jodiye
invalid_name	рдЕрдорд╛рдиреНрдп рдирд╛рдо	Invalid Naam
invalid_address	рдЕрдорд╛рдиреНрдп рдкрддрд╛	Invalid Address
invalid_mobile	рдЕрдорд╛рдиреНрдп рдореЛрдмрд╛рдЗрд▓ рдирдВрдмрд░	Invalid Mobile Number
currently_using	%1$s (рд╡рд░реНрддрдорд╛рди рдореЗрдВ рдЙрдкрдпреЛрдЧ рдореЗрдВ рд╣реИ)	%1$s (Abhi use me hai)
currently_no_number	рдЕрднреА рдХреЛрдИ рдирдВрдмрд░ рдирд╣реАрдВ рдЬреЛреЬрд╛ рд╣реИ	Abhi koi number nahi juda hai
seconds	рд╕реЗрдХрдВрдб	Seconds
successfully_completed_mobile	рдореЛрдмрд╛рдЗрд▓ рдирдВрдмрд░ рдХреЛ рд╕рдлрд▓рддрд╛рдкреВрд░реНрд╡рдХ рдмрджрд▓ рджрд┐рдпрд╛ ред	Mobile number successfully changed.
reset_otp	OTP рдХреА рд╕рдордп рд╕реАрдорд╛ рд╕рдорд╛рдкреНрдд, рдХреГрдкрдпрд╛ рджреЛрдмрд╛рд░рд╛ рдкреНрд░рдпрд╛рд╕ рдХрд░реЗрдВ	OTP expired. Kripya dobara prayas karein.
hinglish	Hinglish	Hinglish
dismiss	рд╣рдЯрд╛рдПрдБ	Hatayein